{"name":"radiantLightV2_1","bug_tracker":"","status":"annotation","subset":"","labels":[{"name":"nose","color":"#4dc8fc","attributes":[],"type":"skeleton","sublabels":[{"name":"1","color":"#d12345","attributes":[],"type":"points"},{"name":"2","color":"#350dea","attributes":[],"type":"points"},{"name":"3","color":"#479ffe","attributes":[],"type":"points"},{"name":"4","color":"#4a649f","attributes":[],"type":"points"},{"name":"5","color":"#478144","attributes":[],"type":"points"},{"name":"6","color":"#57236b","attributes":[],"type":"points"},{"name":"7","color":"#1cdda5","attributes":[],"type":"points"},{"name":"8","color":"#e2bc6e","attributes":[],"type":"points"},{"name":"9","color":"#f067db","attributes":[],"type":"points"}],"svg":"<circle r=\"1.5\" stroke=\"black\" fill=\"#b3b3b3\" cx=\"42.72575378417969\" cy=\"17.2972412109375\" stroke-width=\"0.1\" data-type=\"element node\" data-element-id=\"1\" data-node-id=\"1\" data-label-name=\"1\"></circle><circle r=\"1.5\" stroke=\"black\" fill=\"#b3b3b3\" cx=\"43.56187438964844\" cy=\"23.818979263305664\" stroke-width=\"0.1\" data-type=\"element node\" data-element-id=\"2\" data-node-id=\"2\" data-label-name=\"2\"></circle><circle r=\"1.5\" stroke=\"black\" fill=\"#b3b3b3\" cx=\"42.72575378417969\" cy=\"30.006271362304688\" stroke-width=\"0.1\" data-type=\"element node\" data-element-id=\"3\" data-node-id=\"3\" data-label-name=\"3\"></circle><circle r=\"1.5\" stroke=\"black\" fill=\"#b3b3b3\" cx=\"42.558528900146484\" cy=\"35.35744094848633\" stroke-width=\"0.1\" data-type=\"element node\" data-element-id=\"4\" data-node-id=\"4\" data-label-name=\"4\"></circle><circle r=\"1.5\" stroke=\"black\" fill=\"#b3b3b3\" cx=\"28.177257537841797\" cy=\"36.026336669921875\" stroke-width=\"0.1\" data-type=\"element node\" data-element-id=\"5\" data-node-id=\"5\" data-label-name=\"5\"></circle><circle r=\"1.5\" stroke=\"black\" fill=\"#b3b3b3\" cx=\"32.85953140258789\" cy=\"40.03971481323242\" stroke-width=\"0.1\" data-type=\"element node\" data-element-id=\"6\" data-node-id=\"6\" data-label-name=\"6\"></circle><circle r=\"1.5\" stroke=\"black\" fill=\"#b3b3b3\" cx=\"43.729095458984375\" cy=\"42.88252639770508\" stroke-width=\"0.1\" data-type=\"element node\" data-element-id=\"7\" data-node-id=\"7\" data-label-name=\"7\"></circle><circle r=\"1.5\" stroke=\"black\" fill=\"#b3b3b3\" cx=\"51.75585174560547\" cy=\"42.88252639770508\" stroke-width=\"0.1\" data-type=\"element node\" data-element-id=\"8\" data-node-id=\"8\" data-label-name=\"8\"></circle><circle r=\"1.5\" stroke=\"black\" fill=\"#b3b3b3\" cx=\"58.77926254272461\" cy=\"37.698577880859375\" stroke-width=\"0.1\" data-type=\"element node\" data-element-id=\"9\" data-node-id=\"9\" data-label-name=\"9\"></circle>"},{"name":"mouse","color":"#c02020","attributes":[],"type":"skeleton","sublabels":[{"name":"1","color":"#d12345","attributes":[],"type":"points"},{"name":"2","color":"#350dea","attributes":[],"type":"points"},{"name":"3","color":"#479ffe","attributes":[],"type":"points"},{"name":"4","color":"#4a649f","attributes":[],"type":"points"},{"name":"5","color":"#478144","attributes":[],"type":"points"},{"name":"6","color":"#57236b","attributes":[],"type":"points"},{"name":"7","color":"#1cdda5","attributes":[],"type":"points"},{"name":"8","color":"#e2bc6e","attributes":[],"type":"points"}],"svg":"<circle r=\"1.5\" stroke=\"black\" fill=\"#b3b3b3\" cx=\"16.638795852661133\" cy=\"36.69523239135742\" stroke-width=\"0.1\" data-type=\"element node\" data-element-id=\"1\" data-node-id=\"1\" data-label-name=\"1\"></circle><circle r=\"1.5\" stroke=\"black\" fill=\"#b3b3b3\" cx=\"29.34782600402832\" cy=\"33.35075378417969\" stroke-width=\"0.1\" data-type=\"element node\" data-element-id=\"2\" data-node-id=\"2\" data-label-name=\"2\"></circle><circle r=\"1.5\" stroke=\"black\" fill=\"#b3b3b3\" cx=\"47.24080276489258\" cy=\"31.511287689208984\" stroke-width=\"0.1\" data-type=\"element node\" data-element-id=\"3\" data-node-id=\"3\" data-label-name=\"3\"></circle><circle r=\"1.5\" stroke=\"black\" fill=\"#b3b3b3\" cx=\"63.96321105957031\" cy=\"33.01630401611328\" stroke-width=\"0.1\" data-type=\"element node\" data-element-id=\"4\" data-node-id=\"4\" data-label-name=\"4\"></circle><circle r=\"1.5\" stroke=\"black\" fill=\"#b3b3b3\" cx=\"76.83946228027344\" cy=\"39.036373138427734\" stroke-width=\"0.1\" data-type=\"element node\" data-element-id=\"5\" data-node-id=\"5\" data-label-name=\"5\"></circle><circle r=\"1.5\" stroke=\"black\" fill=\"#b3b3b3\" cx=\"63.628761291503906\" cy=\"47.56480026245117\" stroke-width=\"0.1\" data-type=\"element node\" data-element-id=\"6\" data-node-id=\"6\" data-label-name=\"6\"></circle><circle r=\"1.5\" stroke=\"black\" fill=\"#b3b3b3\" cx=\"49.08026885986328\" cy=\"47.39757537841797\" stroke-width=\"0.1\" data-type=\"element node\" data-element-id=\"7\" data-node-id=\"7\" data-label-name=\"7\"></circle><circle r=\"1.5\" stroke=\"black\" fill=\"#b3b3b3\" cx=\"33.1939811706543\" cy=\"44.22031784057617\" stroke-width=\"0.1\" data-type=\"element node\" data-element-id=\"8\" data-node-id=\"8\" data-label-name=\"8\"></circle>"},{"name":"eye","color":"#83d3bf","attributes":[],"type":"skeleton","sublabels":[{"name":"1","color":"#da4f6a","attributes":[],"type":"points"},{"name":"2","color":"#5d3dee","attributes":[],"type":"points"},{"name":"3","color":"#6bb2fe","attributes":[],"type":"points"},{"name":"4","color":"#6e83b2","attributes":[],"type":"points"},{"name":"5","color":"#6b9a69","attributes":[],"type":"points"},{"name":"6","color":"#784f88","attributes":[],"type":"points"},{"name":"7","color":"#49e3b7","attributes":[],"type":"points"},{"name":"8","color":"#e7c98b","attributes":[],"type":"points"},{"name":"9","color":"#f385e2","attributes":[],"type":"points"},{"name":"10","color":"#72c1fa","attributes":[],"type":"points"},{"name":"11","color":"#38b87d","attributes":[],"type":"points"},{"name":"12","color":"#dde0ed","attributes":[],"type":"points"}],"svg":"<circle r=\"1.5\" stroke=\"black\" fill=\"#b3b3b3\" cx=\"33.69565200805664\" cy=\"44.64883041381836\" stroke-width=\"0.1\" data-type=\"element node\" data-element-id=\"1\" data-node-id=\"1\" data-label-name=\"1\"></circle><circle r=\"1.5\" stroke=\"black\" fill=\"#b3b3b3\" cx=\"38.54515075683594\" cy=\"41.973243713378906\" stroke-width=\"0.1\" data-type=\"element node\" data-element-id=\"2\" data-node-id=\"2\" data-label-name=\"2\"></circle><circle r=\"1.5\" stroke=\"black\" fill=\"#b3b3b3\" cx=\"43.729095458984375\" cy=\"43.97993469238281\" stroke-width=\"0.1\" data-type=\"element node\" data-element-id=\"3\" data-node-id=\"3\" data-label-name=\"3\"></circle><circle r=\"1.5\" stroke=\"black\" fill=\"#b3b3b3\" cx=\"42.22407913208008\" cy=\"47.32441329956055\" stroke-width=\"0.1\" data-type=\"element node\" data-element-id=\"4\" data-node-id=\"4\" data-label-name=\"4\"></circle><circle r=\"1.5\" stroke=\"black\" fill=\"#b3b3b3\" cx=\"38.043479919433594\" cy=\"48.1605339050293\" stroke-width=\"0.1\" data-type=\"element node\" data-element-id=\"5\" data-node-id=\"5\" data-label-name=\"5\"></circle><circle r=\"1.5\" stroke=\"black\" fill=\"#b3b3b3\" cx=\"40.050167083740234\" cy=\"44.9832763671875\" stroke-width=\"0.1\" data-type=\"element node\" data-element-id=\"6\" data-node-id=\"6\" data-label-name=\"6\"></circle><circle r=\"1.5\" stroke=\"black\" fill=\"#b3b3b3\" cx=\"58.11036682128906\" cy=\"41.638797760009766\" stroke-width=\"0.1\" data-type=\"element node\" data-element-id=\"7\" data-node-id=\"7\" data-label-name=\"7\"></circle><circle r=\"1.5\" stroke=\"black\" fill=\"#b3b3b3\" cx=\"62.95986557006836\" cy=\"40.96989822387695\" stroke-width=\"0.1\" data-type=\"element node\" data-element-id=\"8\" data-node-id=\"8\" data-label-name=\"8\"></circle><circle r=\"1.5\" stroke=\"black\" fill=\"#b3b3b3\" cx=\"67.30769348144531\" cy=\"43.14381408691406\" stroke-width=\"0.1\" data-type=\"element node\" data-element-id=\"9\" data-node-id=\"9\" data-label-name=\"9\"></circle><circle r=\"1.5\" stroke=\"black\" fill=\"#b3b3b3\" cx=\"65.13378143310547\" cy=\"47.65886306762695\" stroke-width=\"0.1\" data-type=\"element node\" data-element-id=\"10\" data-node-id=\"10\" data-label-name=\"10\"></circle><circle r=\"1.5\" stroke=\"black\" fill=\"#b3b3b3\" cx=\"59.28093719482422\" cy=\"47.99331283569336\" stroke-width=\"0.1\" data-type=\"element node\" data-element-id=\"11\" data-node-id=\"11\" data-label-name=\"11\"></circle><circle r=\"1.5\" stroke=\"black\" fill=\"#b3b3b3\" cx=\"61.78929901123047\" cy=\"44.9832763671875\" stroke-width=\"0.1\" data-type=\"element node\" data-element-id=\"12\" data-node-id=\"12\" data-label-name=\"12\"></circle>"},{"name":"eyebrow","color":"#ed3b78","attributes":[],"type":"skeleton","sublabels":[{"name":"1","color":"#d53957","attributes":[],"type":"points"},{"name":"2","color":"#4925ec","attributes":[],"type":"points"},{"name":"3","color":"#59a8fe","attributes":[],"type":"points"},{"name":"4","color":"#5c73a8","attributes":[],"type":"points"},{"name":"5","color":"#598d56","attributes":[],"type":"points"},{"name":"6","color":"#673979","attributes":[],"type":"points"},{"name":"7","color":"#32e0ae","attributes":[],"type":"points"},{"name":"8","color":"#e4c27c","attributes":[],"type":"points"},{"name":"9","color":"#f176de","attributes":[],"type":"points"},{"name":"10","color":"#82c8fb","attributes":[],"type":"points"}],"svg":"<circle r=\"1.5\" stroke=\"black\" fill=\"#b3b3b3\" cx=\"10.117056846618652\" cy=\"33.11036682128906\" stroke-width=\"0.1\" data-type=\"element node\" data-element-id=\"1\" data-node-id=\"1\" data-label-name=\"1\"></circle><circle r=\"1.5\" stroke=\"black\" fill=\"#b3b3b3\" cx=\"15.133779525756836\" cy=\"31.103679656982422\" stroke-width=\"0.1\" data-type=\"element node\" data-element-id=\"2\" data-node-id=\"2\" data-label-name=\"2\"></circle><circle r=\"1.5\" stroke=\"black\" fill=\"#b3b3b3\" cx=\"21.822742462158203\" cy=\"29.598661422729492\" stroke-width=\"0.1\" data-type=\"element node\" data-element-id=\"3\" data-node-id=\"3\" data-label-name=\"3\"></circle><circle r=\"1.5\" stroke=\"black\" fill=\"#b3b3b3\" cx=\"28.177257537841797\" cy=\"30.10033416748047\" stroke-width=\"0.1\" data-type=\"element node\" data-element-id=\"4\" data-node-id=\"4\" data-label-name=\"4\"></circle><circle r=\"1.5\" stroke=\"black\" fill=\"#b3b3b3\" cx=\"31.688962936401367\" cy=\"32.60869598388672\" stroke-width=\"0.1\" data-type=\"element node\" data-element-id=\"5\" data-node-id=\"5\" data-label-name=\"5\"></circle><circle r=\"1.5\" stroke=\"black\" fill=\"#b3b3b3\" cx=\"61.28762435913086\" cy=\"32.27424621582031\" stroke-width=\"0.1\" data-type=\"element node\" data-element-id=\"6\" data-node-id=\"6\" data-label-name=\"6\"></circle><circle r=\"1.5\" stroke=\"black\" fill=\"#b3b3b3\" cx=\"65.3010025024414\" cy=\"29.431438446044922\" stroke-width=\"0.1\" data-type=\"element node\" data-element-id=\"7\" data-node-id=\"7\" data-label-name=\"7\"></circle><circle r=\"1.5\" stroke=\"black\" fill=\"#b3b3b3\" cx=\"71.3210678100586\" cy=\"25.91973304748535\" stroke-width=\"0.1\" data-type=\"element node\" data-element-id=\"8\" data-node-id=\"8\" data-label-name=\"8\"></circle><circle r=\"1.5\" stroke=\"black\" fill=\"#b3b3b3\" cx=\"78.0100326538086\" cy=\"27.090301513671875\" stroke-width=\"0.1\" data-type=\"element node\" data-element-id=\"9\" data-node-id=\"9\" data-label-name=\"9\"></circle><circle r=\"1.5\" stroke=\"black\" fill=\"#b3b3b3\" cx=\"83.86287689208984\" cy=\"32.107025146484375\" stroke-width=\"0.1\" data-type=\"element node\" data-element-id=\"10\" data-node-id=\"10\" data-label-name=\"10\"></circle>"},{"name":"contours","color":"#0dcd6f","attributes":[],"type":"skeleton","sublabels":[{"name":"1","color":"#de657c","attributes":[],"type":"points"},{"name":"2","color":"#7155f0","attributes":[],"type":"points"},{"name":"3","color":"#7ebbfe","attributes":[],"type":"points"},{"name":"4","color":"#8092bb","attributes":[],"type":"points"},{"name":"5","color":"#7ea67c","attributes":[],"type":"points"},{"name":"6","color":"#896597","attributes":[],"type":"points"},{"name":"7","color":"#60e7c0","attributes":[],"type":"points"},{"name":"8","color":"#ead099","attributes":[],"type":"points"},{"name":"9","color":"#f494e5","attributes":[],"type":"points"},{"name":"10","color":"#91cffb","attributes":[],"type":"points"},{"name":"11","color":"#4ec08b","attributes":[],"type":"points"},{"name":"12","color":"#e1e3ef","attributes":[],"type":"points"},{"name":"13","color":"#3fcc9c","attributes":[],"type":"points"},{"name":"14","color":"#e138a9","attributes":[],"type":"points"},{"name":"15","color":"#afae7e","attributes":[],"type":"points"},{"name":"16","color":"#81de31","attributes":[],"type":"points"},{"name":"17","color":"#b2ab58","attributes":[],"type":"points"},{"name":"18","color":"#c5ae63","attributes":[],"type":"points"},{"name":"19","color":"#a5984b","attributes":[],"type":"points"},{"name":"20","color":"#cd1b4f","attributes":[],"type":"points"},{"name":"21","color":"#c6833f","attributes":[],"type":"points"},{"name":"22","color":"#83c12f","attributes":[],"type":"points"},{"name":"23","color":"#b7ccdb","attributes":[],"type":"points"},{"name":"24","color":"#4e34c5","attributes":[],"type":"points"},{"name":"25","color":"#505f78","attributes":[],"type":"points"},{"name":"26","color":"#b99fea","attributes":[],"type":"points"},{"name":"27","color":"#b0efee","attributes":[],"type":"points"},{"name":"28","color":"#32bb2a","attributes":[],"type":"points"},{"name":"29","color":"#b8a8c3","attributes":[],"type":"points"},{"name":"30","color":"#6cce48","attributes":[],"type":"points"},{"name":"31","color":"#2e9c46","attributes":[],"type":"points"},{"name":"32","color":"#6d9dcd","attributes":[],"type":"points"},{"name":"33","color":"#23a575","attributes":[],"type":"points"}],"svg":"<circle r=\"1.5\" stroke=\"black\" fill=\"#b3b3b3\" cx=\"6.607964038848877\" cy=\"17.892976760864258\" stroke-width=\"0.1\" data-type=\"element node\" data-element-id=\"1\" data-node-id=\"1\" data-label-name=\"1\"></circle><circle r=\"1.5\" stroke=\"black\" fill=\"#b3b3b3\" cx=\"7.109636306762695\" cy=\"20.234113693237305\" stroke-width=\"0.1\" data-type=\"element node\" data-element-id=\"2\" data-node-id=\"2\" data-label-name=\"2\"></circle><circle r=\"1.5\" stroke=\"black\" fill=\"#b3b3b3\" cx=\"7.276860237121582\" cy=\"22.40802764892578\" stroke-width=\"0.1\" data-type=\"element node\" data-element-id=\"3\" data-node-id=\"3\" data-label-name=\"3\"></circle><circle r=\"1.5\" stroke=\"black\" fill=\"#b3b3b3\" cx=\"7.611308574676514\" cy=\"24.749164581298828\" stroke-width=\"0.1\" data-type=\"element node\" data-element-id=\"4\" data-node-id=\"4\" data-label-name=\"4\"></circle><circle r=\"1.5\" stroke=\"black\" fill=\"#b3b3b3\" cx=\"8.614652633666992\" cy=\"28.2608699798584\" stroke-width=\"0.1\" data-type=\"element node\" data-element-id=\"5\" data-node-id=\"5\" data-label-name=\"5\"></circle><circle r=\"1.5\" stroke=\"black\" fill=\"#b3b3b3\" cx=\"11.624686241149902\" cy=\"31.438127517700195\" stroke-width=\"0.1\" data-type=\"element node\" data-element-id=\"6\" data-node-id=\"6\" data-label-name=\"6\"></circle><circle r=\"1.5\" stroke=\"black\" fill=\"#b3b3b3\" cx=\"14.133048057556152\" cy=\"34.78260803222656\" stroke-width=\"0.1\" data-type=\"element node\" data-element-id=\"7\" data-node-id=\"7\" data-label-name=\"7\"></circle><circle r=\"1.5\" stroke=\"black\" fill=\"#b3b3b3\" cx=\"16.641408920288086\" cy=\"37.458194732666016\" stroke-width=\"0.1\" data-type=\"element node\" data-element-id=\"8\" data-node-id=\"8\" data-label-name=\"8\"></circle><circle r=\"1.5\" stroke=\"black\" fill=\"#b3b3b3\" cx=\"18.313650131225586\" cy=\"39.966556549072266\" stroke-width=\"0.1\" data-type=\"element node\" data-element-id=\"9\" data-node-id=\"9\" data-label-name=\"9\"></circle><circle r=\"1.5\" stroke=\"black\" fill=\"#b3b3b3\" cx=\"19.818666458129883\" cy=\"43.81270980834961\" stroke-width=\"0.1\" data-type=\"element node\" data-element-id=\"10\" data-node-id=\"10\" data-label-name=\"10\"></circle><circle r=\"1.5\" stroke=\"black\" fill=\"#b3b3b3\" cx=\"21.15645980834961\" cy=\"45.48495101928711\" stroke-width=\"0.1\" data-type=\"element node\" data-element-id=\"11\" data-node-id=\"11\" data-label-name=\"11\"></circle><circle r=\"1.5\" stroke=\"black\" fill=\"#b3b3b3\" cx=\"23.330371856689453\" cy=\"47.49163818359375\" stroke-width=\"0.1\" data-type=\"element node\" data-element-id=\"12\" data-node-id=\"12\" data-label-name=\"12\"></circle><circle r=\"1.5\" stroke=\"black\" fill=\"#b3b3b3\" cx=\"25.838733673095703\" cy=\"48.4949836730957\" stroke-width=\"0.1\" data-type=\"element node\" data-element-id=\"13\" data-node-id=\"13\" data-label-name=\"13\"></circle><circle r=\"1.5\" stroke=\"black\" fill=\"#b3b3b3\" cx=\"29.684886932373047\" cy=\"50.83612060546875\" stroke-width=\"0.1\" data-type=\"element node\" data-element-id=\"14\" data-node-id=\"14\" data-label-name=\"14\"></circle><circle r=\"1.5\" stroke=\"black\" fill=\"#b3b3b3\" cx=\"33.8654899597168\" cy=\"51.8394660949707\" stroke-width=\"0.1\" data-type=\"element node\" data-element-id=\"15\" data-node-id=\"15\" data-label-name=\"15\"></circle><circle r=\"1.5\" stroke=\"black\" fill=\"#b3b3b3\" cx=\"37.2099723815918\" cy=\"52.34113693237305\" stroke-width=\"0.1\" data-type=\"element node\" data-element-id=\"16\" data-node-id=\"16\" data-label-name=\"16\"></circle><circle r=\"1.5\" stroke=\"black\" fill=\"#b3b3b3\" cx=\"41.39057159423828\" cy=\"52.84280776977539\" stroke-width=\"0.1\" data-type=\"element node\" data-element-id=\"17\" data-node-id=\"17\" data-label-name=\"17\"></circle><circle r=\"1.5\" stroke=\"black\" fill=\"#b3b3b3\" cx=\"44.23338317871094\" cy=\"51.6722412109375\" stroke-width=\"0.1\" data-type=\"element node\" data-element-id=\"18\" data-node-id=\"18\" data-label-name=\"18\"></circle><circle r=\"1.5\" stroke=\"black\" fill=\"#b3b3b3\" cx=\"48.246761322021484\" cy=\"50.66889572143555\" stroke-width=\"0.1\" data-type=\"element node\" data-element-id=\"19\" data-node-id=\"19\" data-label-name=\"19\"></circle><circle r=\"1.5\" stroke=\"black\" fill=\"#b3b3b3\" cx=\"52.26013946533203\" cy=\"49.665550231933594\" stroke-width=\"0.1\" data-type=\"element node\" data-element-id=\"20\" data-node-id=\"20\" data-label-name=\"20\"></circle><circle r=\"1.5\" stroke=\"black\" fill=\"#b3b3b3\" cx=\"55.270172119140625\" cy=\"47.15719223022461\" stroke-width=\"0.1\" data-type=\"element node\" data-element-id=\"21\" data-node-id=\"21\" data-label-name=\"21\"></circle><circle r=\"1.5\" stroke=\"black\" fill=\"#b3b3b3\" cx=\"58.44742965698242\" cy=\"44.81605529785156\" stroke-width=\"0.1\" data-type=\"element node\" data-element-id=\"22\" data-node-id=\"22\" data-label-name=\"22\"></circle><circle r=\"1.5\" stroke=\"black\" fill=\"#b3b3b3\" cx=\"60.95579147338867\" cy=\"42.14046859741211\" stroke-width=\"0.1\" data-type=\"element node\" data-element-id=\"23\" data-node-id=\"23\" data-label-name=\"23\"></circle><circle r=\"1.5\" stroke=\"black\" fill=\"#b3b3b3\" cx=\"62.96247863769531\" cy=\"39.29765701293945\" stroke-width=\"0.1\" data-type=\"element node\" data-element-id=\"24\" data-node-id=\"24\" data-label-name=\"24\"></circle><circle r=\"1.5\" stroke=\"black\" fill=\"#b3b3b3\" cx=\"65.47084045410156\" cy=\"36.78929901123047\" stroke-width=\"0.1\" data-type=\"element node\" data-element-id=\"25\" data-node-id=\"25\" data-label-name=\"25\"></circle><circle r=\"1.5\" stroke=\"black\" fill=\"#b3b3b3\" cx=\"67.310302734375\" cy=\"33.61204147338867\" stroke-width=\"0.1\" data-type=\"element node\" data-element-id=\"26\" data-node-id=\"26\" data-label-name=\"26\"></circle><circle r=\"1.5\" stroke=\"black\" fill=\"#b3b3b3\" cx=\"68.31365203857422\" cy=\"32.27424621582031\" stroke-width=\"0.1\" data-type=\"element node\" data-element-id=\"27\" data-node-id=\"27\" data-label-name=\"27\"></circle><circle r=\"1.5\" stroke=\"black\" fill=\"#b3b3b3\" cx=\"69.81866455078125\" cy=\"30.10033416748047\" stroke-width=\"0.1\" data-type=\"element node\" data-element-id=\"28\" data-node-id=\"28\" data-label-name=\"28\"></circle><circle r=\"1.5\" stroke=\"black\" fill=\"#b3b3b3\" cx=\"70.82201385498047\" cy=\"28.093645095825195\" stroke-width=\"0.1\" data-type=\"element node\" data-element-id=\"29\" data-node-id=\"29\" data-label-name=\"29\"></circle><circle r=\"1.5\" stroke=\"black\" fill=\"#b3b3b3\" cx=\"71.32368469238281\" cy=\"25.250835418701172\" stroke-width=\"0.1\" data-type=\"element node\" data-element-id=\"30\" data-node-id=\"30\" data-label-name=\"30\"></circle><circle r=\"1.5\" stroke=\"black\" fill=\"#b3b3b3\" cx=\"71.49090576171875\" cy=\"22.742475509643555\" stroke-width=\"0.1\" data-type=\"element node\" data-element-id=\"31\" data-node-id=\"31\" data-label-name=\"31\"></circle><circle r=\"1.5\" stroke=\"black\" fill=\"#b3b3b3\" cx=\"71.82535552978516\" cy=\"19.732440948486328\" stroke-width=\"0.1\" data-type=\"element node\" data-element-id=\"32\" data-node-id=\"32\" data-label-name=\"32\"></circle><circle r=\"1.5\" stroke=\"black\" fill=\"#b3b3b3\" cx=\"71.82535552978516\" cy=\"17.725751876831055\" stroke-width=\"0.1\" data-type=\"element node\" data-element-id=\"33\" data-node-id=\"33\" data-label-name=\"33\"></circle>"}],"version":"1.0","data":{"chunk_size":72,"image_quality":70,"start_frame":0,"stop_frame":40,"storage_method":"cache","storage":"local","sorting_method":"lexicographical","chunk_type":"imageset","deleted_frames":[]},"jobs":[{"start_frame":0,"stop_frame":40,"frames":[],"status":"annotation","type":"annotation"}]}