{"name":"anything-v3-fp32","bug_tracker":"","status":"annotation","subset":"Train","labels":[{"name":"nose","color":"#4dc8fc","attributes":[],"type":"skeleton","sublabels":[{"name":"1","color":"#da4f6a","attributes":[],"type":"points"},{"name":"2","color":"#5d3dee","attributes":[],"type":"points"},{"name":"3","color":"#6bb2fe","attributes":[],"type":"points"},{"name":"4","color":"#6e83b2","attributes":[],"type":"points"},{"name":"5","color":"#7ea67c","attributes":[],"type":"points"},{"name":"6","color":"#9a7ba6","attributes":[],"type":"points"},{"name":"7","color":"#76eac9","attributes":[],"type":"points"},{"name":"8","color":"#edd6a8","attributes":[],"type":"points"},{"name":"9","color":"#f6a3e9","attributes":[],"type":"points"}],"svg":"<circle r=\"1.5\" stroke=\"black\" fill=\"#b3b3b3\" cx=\"50.033447265625\" cy=\"15.317726135253906\" stroke-width=\"0.1\" data-type=\"element node\" data-element-id=\"1\" data-node-id=\"1\" data-label-name=\"1\"></circle><circle r=\"1.5\" stroke=\"black\" fill=\"#b3b3b3\" cx=\"50.033447265625\" cy=\"18.662208557128906\" stroke-width=\"0.1\" data-type=\"element node\" data-element-id=\"2\" data-node-id=\"2\" data-label-name=\"2\"></circle><circle r=\"1.5\" stroke=\"black\" fill=\"#b3b3b3\" cx=\"50.70234298706055\" cy=\"20.83612060546875\" stroke-width=\"0.1\" data-type=\"element node\" data-element-id=\"3\" data-node-id=\"3\" data-label-name=\"3\"></circle><circle r=\"1.5\" stroke=\"black\" fill=\"#b3b3b3\" cx=\"51.5384635925293\" cy=\"23.511707305908203\" stroke-width=\"0.1\" data-type=\"element node\" data-element-id=\"4\" data-node-id=\"4\" data-label-name=\"4\"></circle><circle r=\"1.5\" stroke=\"black\" fill=\"#b3b3b3\" cx=\"44.34782791137695\" cy=\"24.18060302734375\" stroke-width=\"0.1\" data-type=\"element node\" data-element-id=\"5\" data-node-id=\"5\" data-label-name=\"5\"></circle><circle r=\"1.5\" stroke=\"black\" fill=\"#b3b3b3\" cx=\"47.023414611816406\" cy=\"27.190635681152344\" stroke-width=\"0.1\" data-type=\"element node\" data-element-id=\"6\" data-node-id=\"6\" data-label-name=\"6\"></circle><circle r=\"1.5\" stroke=\"black\" fill=\"#b3b3b3\" cx=\"52.70903015136719\" cy=\"29.36454963684082\" stroke-width=\"0.1\" data-type=\"element node\" data-element-id=\"7\" data-node-id=\"7\" data-label-name=\"7\"></circle><circle r=\"1.5\" stroke=\"black\" fill=\"#b3b3b3\" cx=\"56.22073745727539\" cy=\"27.357860565185547\" stroke-width=\"0.1\" data-type=\"element node\" data-element-id=\"8\" data-node-id=\"8\" data-label-name=\"8\"></circle><circle r=\"1.5\" stroke=\"black\" fill=\"#b3b3b3\" cx=\"60.066890716552734\" cy=\"23.010034561157227\" stroke-width=\"0.1\" data-type=\"element node\" data-element-id=\"9\" data-node-id=\"9\" data-label-name=\"9\"></circle>"},{"name":"contours","color":"#0dcd6f","attributes":[],"type":"skeleton","sublabels":[{"name":"14","color":"#de22a0","attributes":[],"type":"points"},{"name":"15","color":"#a7a570","attributes":[],"type":"points"},{"name":"16","color":"#74db1b","attributes":[],"type":"points"},{"name":"17","color":"#aaa246","attributes":[],"type":"points"},{"name":"18","color":"#bfa552","attributes":[],"type":"points"},{"name":"1","color":"#d12345","attributes":[],"type":"points"},{"name":"2","color":"#350dea","attributes":[],"type":"points"},{"name":"3","color":"#479ffe","attributes":[],"type":"points"},{"name":"4","color":"#4a649f","attributes":[],"type":"points"},{"name":"5","color":"#478144","attributes":[],"type":"points"},{"name":"6","color":"#57236b","attributes":[],"type":"points"},{"name":"7","color":"#1cdda5","attributes":[],"type":"points"},{"name":"8","color":"#e2bc6e","attributes":[],"type":"points"},{"name":"9","color":"#f067db","attributes":[],"type":"points"},{"name":"10","color":"#63bbfa","attributes":[],"type":"points"},{"name":"11","color":"#22b16f","attributes":[],"type":"points"},{"name":"12","color":"#daddec","attributes":[],"type":"points"},{"name":"13","color":"#2ac791","attributes":[],"type":"points"},{"name":"19","color":"#9b8d37","attributes":[],"type":"points"},{"name":"20","color":"#c8023c","attributes":[],"type":"points"},{"name":"21","color":"#c0762a","attributes":[],"type":"points"},{"name":"22","color":"#76bb18","attributes":[],"type":"points"},{"name":"23","color":"#afc7d8","attributes":[],"type":"points"},{"name":"24","color":"#3b1ebf","attributes":[],"type":"points"},{"name":"25","color":"#3d4e6a","attributes":[],"type":"points"},{"name":"26","color":"#b295e8","attributes":[],"type":"points"},{"name":"27","color":"#a8eeed","attributes":[],"type":"points"},{"name":"28","color":"#1cb413","attributes":[],"type":"points"},{"name":"29","color":"#b19fbd","attributes":[],"type":"points"},{"name":"30","color":"#5cc934","attributes":[],"type":"points"},{"name":"31","color":"#179232","attributes":[],"type":"points"},{"name":"32","color":"#5d93c8","attributes":[],"type":"points"},{"name":"33","color":"#0b9b66","attributes":[],"type":"points"}],"svg":"<circle r=\"1.5\" stroke=\"black\" fill=\"#b3b3b3\" cx=\"9.197324752807617\" cy=\"12.809365272521973\" stroke-width=\"0.1\" data-type=\"element node\" data-element-id=\"1\" data-node-id=\"1\" data-label-name=\"1\"></circle><circle r=\"1.5\" stroke=\"black\" fill=\"#b3b3b3\" cx=\"8.862875938415527\" cy=\"16.989967346191406\" stroke-width=\"0.1\" data-type=\"element node\" data-element-id=\"2\" data-node-id=\"2\" data-label-name=\"2\"></circle><circle r=\"1.5\" stroke=\"black\" fill=\"#b3b3b3\" cx=\"9.197324752807617\" cy=\"21.003345489501953\" stroke-width=\"0.1\" data-type=\"element node\" data-element-id=\"3\" data-node-id=\"3\" data-label-name=\"3\"></circle><circle r=\"1.5\" stroke=\"black\" fill=\"#b3b3b3\" cx=\"9.53177261352539\" cy=\"24.18060302734375\" stroke-width=\"0.1\" data-type=\"element node\" data-element-id=\"4\" data-node-id=\"4\" data-label-name=\"4\"></circle><circle r=\"1.5\" stroke=\"black\" fill=\"#b3b3b3\" cx=\"10.8695650100708\" cy=\"26.521739959716797\" stroke-width=\"0.1\" data-type=\"element node\" data-element-id=\"5\" data-node-id=\"5\" data-label-name=\"5\"></circle><circle r=\"1.5\" stroke=\"black\" fill=\"#b3b3b3\" cx=\"11.371237754821777\" cy=\"30.033445358276367\" stroke-width=\"0.1\" data-type=\"element node\" data-element-id=\"6\" data-node-id=\"6\" data-label-name=\"6\"></circle><circle r=\"1.5\" stroke=\"black\" fill=\"#b3b3b3\" cx=\"13.545150756835938\" cy=\"33.377925872802734\" stroke-width=\"0.1\" data-type=\"element node\" data-element-id=\"7\" data-node-id=\"7\" data-label-name=\"7\"></circle><circle r=\"1.5\" stroke=\"black\" fill=\"#b3b3b3\" cx=\"14.882943153381348\" cy=\"36.88963317871094\" stroke-width=\"0.1\" data-type=\"element node\" data-element-id=\"8\" data-node-id=\"8\" data-label-name=\"8\"></circle><circle r=\"1.5\" stroke=\"black\" fill=\"#b3b3b3\" cx=\"16.55518341064453\" cy=\"38.394649505615234\" stroke-width=\"0.1\" data-type=\"element node\" data-element-id=\"9\" data-node-id=\"9\" data-label-name=\"9\"></circle><circle r=\"1.5\" stroke=\"black\" fill=\"#b3b3b3\" cx=\"17.558528900146484\" cy=\"41.40468215942383\" stroke-width=\"0.1\" data-type=\"element node\" data-element-id=\"10\" data-node-id=\"10\" data-label-name=\"10\"></circle><circle r=\"1.5\" stroke=\"black\" fill=\"#b3b3b3\" cx=\"19.06354522705078\" cy=\"43.91304397583008\" stroke-width=\"0.1\" data-type=\"element node\" data-element-id=\"11\" data-node-id=\"11\" data-label-name=\"11\"></circle><circle r=\"1.5\" stroke=\"black\" fill=\"#b3b3b3\" cx=\"23.076923370361328\" cy=\"48.42809295654297\" stroke-width=\"0.1\" data-type=\"element node\" data-element-id=\"12\" data-node-id=\"12\" data-label-name=\"12\"></circle><circle r=\"1.5\" stroke=\"black\" fill=\"#b3b3b3\" cx=\"28.595317840576172\" cy=\"50.434783935546875\" stroke-width=\"0.1\" data-type=\"element node\" data-element-id=\"13\" data-node-id=\"13\" data-label-name=\"13\"></circle><circle r=\"1.5\" stroke=\"black\" fill=\"#b3b3b3\" cx=\"30.602006912231445\" cy=\"52.441471099853516\" stroke-width=\"0.1\" data-type=\"element node\" data-element-id=\"14\" data-node-id=\"14\" data-label-name=\"14\"></circle><circle r=\"1.5\" stroke=\"black\" fill=\"#b3b3b3\" cx=\"34.113712310791016\" cy=\"54.113712310791016\" stroke-width=\"0.1\" data-type=\"element node\" data-element-id=\"15\" data-node-id=\"15\" data-label-name=\"15\"></circle><circle r=\"1.5\" stroke=\"black\" fill=\"#b3b3b3\" cx=\"37.458194732666016\" cy=\"56.12040328979492\" stroke-width=\"0.1\" data-type=\"element node\" data-element-id=\"16\" data-node-id=\"16\" data-label-name=\"16\"></circle><circle r=\"1.5\" stroke=\"black\" fill=\"#b3b3b3\" cx=\"41.8060188293457\" cy=\"57.29096984863281\" stroke-width=\"0.1\" data-type=\"element node\" data-element-id=\"17\" data-node-id=\"17\" data-label-name=\"17\"></circle><circle r=\"1.5\" stroke=\"black\" fill=\"#b3b3b3\" cx=\"45.81939697265625\" cy=\"57.12374496459961\" stroke-width=\"0.1\" data-type=\"element node\" data-element-id=\"18\" data-node-id=\"18\" data-label-name=\"18\"></circle><circle r=\"1.5\" stroke=\"black\" fill=\"#b3b3b3\" cx=\"47.826087951660156\" cy=\"55.95317840576172\" stroke-width=\"0.1\" data-type=\"element node\" data-element-id=\"19\" data-node-id=\"19\" data-label-name=\"19\"></circle><circle r=\"1.5\" stroke=\"black\" fill=\"#b3b3b3\" cx=\"50.33444595336914\" cy=\"54.61538314819336\" stroke-width=\"0.1\" data-type=\"element node\" data-element-id=\"20\" data-node-id=\"20\" data-label-name=\"20\"></circle><circle r=\"1.5\" stroke=\"black\" fill=\"#b3b3b3\" cx=\"53.010032653808594\" cy=\"52.60869598388672\" stroke-width=\"0.1\" data-type=\"element node\" data-element-id=\"21\" data-node-id=\"21\" data-label-name=\"21\"></circle><circle r=\"1.5\" stroke=\"black\" fill=\"#b3b3b3\" cx=\"55.852840423583984\" cy=\"49.43143844604492\" stroke-width=\"0.1\" data-type=\"element node\" data-element-id=\"22\" data-node-id=\"22\" data-label-name=\"22\"></circle><circle r=\"1.5\" stroke=\"black\" fill=\"#b3b3b3\" cx=\"57.85953140258789\" cy=\"45.75251007080078\" stroke-width=\"0.1\" data-type=\"element node\" data-element-id=\"23\" data-node-id=\"23\" data-label-name=\"23\"></circle><circle r=\"1.5\" stroke=\"black\" fill=\"#b3b3b3\" cx=\"59.53177261352539\" cy=\"42.24080276489258\" stroke-width=\"0.1\" data-type=\"element node\" data-element-id=\"24\" data-node-id=\"24\" data-label-name=\"24\"></circle><circle r=\"1.5\" stroke=\"black\" fill=\"#b3b3b3\" cx=\"62.37458038330078\" cy=\"38.56187438964844\" stroke-width=\"0.1\" data-type=\"element node\" data-element-id=\"25\" data-node-id=\"25\" data-label-name=\"25\"></circle><circle r=\"1.5\" stroke=\"black\" fill=\"#b3b3b3\" cx=\"62.37458038330078\" cy=\"35.38461685180664\" stroke-width=\"0.1\" data-type=\"element node\" data-element-id=\"26\" data-node-id=\"26\" data-label-name=\"26\"></circle><circle r=\"1.5\" stroke=\"black\" fill=\"#b3b3b3\" cx=\"63.54515075683594\" cy=\"29.866220474243164\" stroke-width=\"0.1\" data-type=\"element node\" data-element-id=\"27\" data-node-id=\"27\" data-label-name=\"27\"></circle><circle r=\"1.5\" stroke=\"black\" fill=\"#b3b3b3\" cx=\"64.88294219970703\" cy=\"26.187292098999023\" stroke-width=\"0.1\" data-type=\"element node\" data-element-id=\"28\" data-node-id=\"28\" data-label-name=\"28\"></circle><circle r=\"1.5\" stroke=\"black\" fill=\"#b3b3b3\" cx=\"65.21739196777344\" cy=\"20.501672744750977\" stroke-width=\"0.1\" data-type=\"element node\" data-element-id=\"29\" data-node-id=\"29\" data-label-name=\"29\"></circle><circle r=\"1.5\" stroke=\"black\" fill=\"#b3b3b3\" cx=\"65.05016326904297\" cy=\"16.989967346191406\" stroke-width=\"0.1\" data-type=\"element node\" data-element-id=\"30\" data-node-id=\"30\" data-label-name=\"30\"></circle><circle r=\"1.5\" stroke=\"black\" fill=\"#b3b3b3\" cx=\"64.21404266357422\" cy=\"14.147157669067383\" stroke-width=\"0.1\" data-type=\"element node\" data-element-id=\"31\" data-node-id=\"31\" data-label-name=\"31\"></circle><circle r=\"1.5\" stroke=\"black\" fill=\"#b3b3b3\" cx=\"63.377925872802734\" cy=\"11.304348945617676\" stroke-width=\"0.1\" data-type=\"element node\" data-element-id=\"32\" data-node-id=\"32\" data-label-name=\"32\"></circle><circle r=\"1.5\" stroke=\"black\" fill=\"#b3b3b3\" cx=\"62.04013442993164\" cy=\"7.290970802307129\" stroke-width=\"0.1\" data-type=\"element node\" data-element-id=\"33\" data-node-id=\"33\" data-label-name=\"33\"></circle>"},{"name":"eye","color":"#83d3bf","attributes":[],"type":"skeleton","sublabels":[{"name":"1","color":"#d53957","attributes":[],"type":"points"},{"name":"2","color":"#4925ec","attributes":[],"type":"points"},{"name":"3","color":"#59a8fe","attributes":[],"type":"points"},{"name":"4","color":"#5c73a8","attributes":[],"type":"points"},{"name":"5","color":"#598d56","attributes":[],"type":"points"},{"name":"6","color":"#784f88","attributes":[],"type":"points"},{"name":"7","color":"#49e3b7","attributes":[],"type":"points"},{"name":"8","color":"#e7c98b","attributes":[],"type":"points"},{"name":"9","color":"#f385e2","attributes":[],"type":"points"},{"name":"10","color":"#82c8fb","attributes":[],"type":"points"},{"name":"11","color":"#4ec08b","attributes":[],"type":"points"},{"name":"12","color":"#e1e3ef","attributes":[],"type":"points"}],"svg":"<circle r=\"1.5\" stroke=\"black\" fill=\"#b3b3b3\" cx=\"10.702341079711914\" cy=\"34.715721130371094\" stroke-width=\"0.1\" data-type=\"element node\" data-element-id=\"1\" data-node-id=\"1\" data-label-name=\"1\"></circle><circle r=\"1.5\" stroke=\"black\" fill=\"#b3b3b3\" cx=\"20.234113693237305\" cy=\"29.36454963684082\" stroke-width=\"0.1\" data-type=\"element node\" data-element-id=\"2\" data-node-id=\"2\" data-label-name=\"2\"></circle><circle r=\"1.5\" stroke=\"black\" fill=\"#b3b3b3\" cx=\"30.26755714416504\" cy=\"34.04682159423828\" stroke-width=\"0.1\" data-type=\"element node\" data-element-id=\"3\" data-node-id=\"3\" data-label-name=\"3\"></circle><circle r=\"1.5\" stroke=\"black\" fill=\"#b3b3b3\" cx=\"24.414714813232422\" cy=\"42.909698486328125\" stroke-width=\"0.1\" data-type=\"element node\" data-element-id=\"4\" data-node-id=\"4\" data-label-name=\"4\"></circle><circle r=\"1.5\" stroke=\"black\" fill=\"#b3b3b3\" cx=\"16.220735549926758\" cy=\"42.575252532958984\" stroke-width=\"0.1\" data-type=\"element node\" data-element-id=\"5\" data-node-id=\"5\" data-label-name=\"5\"></circle><circle r=\"1.5\" stroke=\"black\" fill=\"#b3b3b3\" cx=\"20.234113693237305\" cy=\"36.22073745727539\" stroke-width=\"0.1\" data-type=\"element node\" data-element-id=\"6\" data-node-id=\"6\" data-label-name=\"6\"></circle><circle r=\"1.5\" stroke=\"black\" fill=\"#b3b3b3\" cx=\"56.18729019165039\" cy=\"31.538461685180664\" stroke-width=\"0.1\" data-type=\"element node\" data-element-id=\"7\" data-node-id=\"7\" data-label-name=\"7\"></circle><circle r=\"1.5\" stroke=\"black\" fill=\"#b3b3b3\" cx=\"63.87959671020508\" cy=\"28.862876892089844\" stroke-width=\"0.1\" data-type=\"element node\" data-element-id=\"8\" data-node-id=\"8\" data-label-name=\"8\"></circle><circle r=\"1.5\" stroke=\"black\" fill=\"#b3b3b3\" cx=\"72.90969848632812\" cy=\"31.872909545898438\" stroke-width=\"0.1\" data-type=\"element node\" data-element-id=\"9\" data-node-id=\"9\" data-label-name=\"9\"></circle><circle r=\"1.5\" stroke=\"black\" fill=\"#b3b3b3\" cx=\"68.72909545898438\" cy=\"41.90635681152344\" stroke-width=\"0.1\" data-type=\"element node\" data-element-id=\"10\" data-node-id=\"10\" data-label-name=\"10\"></circle><circle r=\"1.5\" stroke=\"black\" fill=\"#b3b3b3\" cx=\"60.869564056396484\" cy=\"40.56856155395508\" stroke-width=\"0.1\" data-type=\"element node\" data-element-id=\"11\" data-node-id=\"11\" data-label-name=\"11\"></circle><circle r=\"1.5\" stroke=\"black\" fill=\"#b3b3b3\" cx=\"64.04682159423828\" cy=\"34.88294219970703\" stroke-width=\"0.1\" data-type=\"element node\" data-element-id=\"12\" data-node-id=\"12\" data-label-name=\"12\"></circle>"},{"name":"mouse","color":"#c02020","attributes":[],"type":"skeleton","sublabels":[{"name":"1","color":"#de657c","attributes":[],"type":"points"},{"name":"2","color":"#7155f0","attributes":[],"type":"points"},{"name":"3","color":"#7ebbfe","attributes":[],"type":"points"},{"name":"4","color":"#8092bb","attributes":[],"type":"points"},{"name":"5","color":"#6b9a69","attributes":[],"type":"points"},{"name":"6","color":"#896597","attributes":[],"type":"points"},{"name":"7","color":"#60e7c0","attributes":[],"type":"points"},{"name":"8","color":"#ead099","attributes":[],"type":"points"}],"svg":"<circle r=\"1.5\" stroke=\"black\" fill=\"#b3b3b3\" cx=\"36.989967346191406\" cy=\"61.638797760009766\" stroke-width=\"0.1\" data-type=\"element node\" data-element-id=\"1\" data-node-id=\"1\" data-label-name=\"1\"></circle><circle r=\"1.5\" stroke=\"black\" fill=\"#b3b3b3\" cx=\"40.50167465209961\" cy=\"58.96321105957031\" stroke-width=\"0.1\" data-type=\"element node\" data-element-id=\"2\" data-node-id=\"2\" data-label-name=\"2\"></circle><circle r=\"1.5\" stroke=\"black\" fill=\"#b3b3b3\" cx=\"47.52508544921875\" cy=\"58.79598617553711\" stroke-width=\"0.1\" data-type=\"element node\" data-element-id=\"3\" data-node-id=\"3\" data-label-name=\"3\"></circle><circle r=\"1.5\" stroke=\"black\" fill=\"#b3b3b3\" cx=\"56.05351257324219\" cy=\"59.464881896972656\" stroke-width=\"0.1\" data-type=\"element node\" data-element-id=\"4\" data-node-id=\"4\" data-label-name=\"4\"></circle><circle r=\"1.5\" stroke=\"black\" fill=\"#b3b3b3\" cx=\"61.40468215942383\" cy=\"63.14381408691406\" stroke-width=\"0.1\" data-type=\"element node\" data-element-id=\"5\" data-node-id=\"5\" data-label-name=\"5\"></circle><circle r=\"1.5\" stroke=\"black\" fill=\"#b3b3b3\" cx=\"55.050167083740234\" cy=\"66.82274627685547\" stroke-width=\"0.1\" data-type=\"element node\" data-element-id=\"6\" data-node-id=\"6\" data-label-name=\"6\"></circle><circle r=\"1.5\" stroke=\"black\" fill=\"#b3b3b3\" cx=\"49.36455154418945\" cy=\"67.65885925292969\" stroke-width=\"0.1\" data-type=\"element node\" data-element-id=\"7\" data-node-id=\"7\" data-label-name=\"7\"></circle><circle r=\"1.5\" stroke=\"black\" fill=\"#b3b3b3\" cx=\"42.34113693237305\" cy=\"66.48829650878906\" stroke-width=\"0.1\" data-type=\"element node\" data-element-id=\"8\" data-node-id=\"8\" data-label-name=\"8\"></circle>"},{"name":"eyebrow","color":"#ed3b78","attributes":[],"type":"skeleton","sublabels":[{"name":"1","color":"#e37b8f","attributes":[],"type":"points"},{"name":"2","color":"#856df2","attributes":[],"type":"points"},{"name":"3","color":"#90c5fe","attributes":[],"type":"points"},{"name":"4","color":"#92a2c5","attributes":[],"type":"points"},{"name":"5","color":"#90b38e","attributes":[],"type":"points"},{"name":"6","color":"#673979","attributes":[],"type":"points"},{"name":"7","color":"#32e0ae","attributes":[],"type":"points"},{"name":"8","color":"#e4c27c","attributes":[],"type":"points"},{"name":"9","color":"#f176de","attributes":[],"type":"points"},{"name":"10","color":"#72c1fa","attributes":[],"type":"points"}],"svg":"<circle r=\"1.5\" stroke=\"black\" fill=\"#b3b3b3\" cx=\"21.6053524017334\" cy=\"30.702341079711914\" stroke-width=\"0.1\" data-type=\"element node\" data-element-id=\"1\" data-node-id=\"1\" data-label-name=\"1\"></circle><circle r=\"1.5\" stroke=\"black\" fill=\"#b3b3b3\" cx=\"26.454851150512695\" cy=\"27.69230842590332\" stroke-width=\"0.1\" data-type=\"element node\" data-element-id=\"2\" data-node-id=\"2\" data-label-name=\"2\"></circle><circle r=\"1.5\" stroke=\"black\" fill=\"#b3b3b3\" cx=\"30.96990203857422\" cy=\"27.023412704467773\" stroke-width=\"0.1\" data-type=\"element node\" data-element-id=\"3\" data-node-id=\"3\" data-label-name=\"3\"></circle><circle r=\"1.5\" stroke=\"black\" fill=\"#b3b3b3\" cx=\"35.48495101928711\" cy=\"28.193981170654297\" stroke-width=\"0.1\" data-type=\"element node\" data-element-id=\"4\" data-node-id=\"4\" data-label-name=\"4\"></circle><circle r=\"1.5\" stroke=\"black\" fill=\"#b3b3b3\" cx=\"38.82943344116211\" cy=\"30.535118103027344\" stroke-width=\"0.1\" data-type=\"element node\" data-element-id=\"5\" data-node-id=\"5\" data-label-name=\"5\"></circle><circle r=\"1.5\" stroke=\"black\" fill=\"#b3b3b3\" cx=\"62.74247741699219\" cy=\"30.869565963745117\" stroke-width=\"0.1\" data-type=\"element node\" data-element-id=\"6\" data-node-id=\"6\" data-label-name=\"6\"></circle><circle r=\"1.5\" stroke=\"black\" fill=\"#b3b3b3\" cx=\"65.75251007080078\" cy=\"29.36454963684082\" stroke-width=\"0.1\" data-type=\"element node\" data-element-id=\"7\" data-node-id=\"7\" data-label-name=\"7\"></circle><circle r=\"1.5\" stroke=\"black\" fill=\"#b3b3b3\" cx=\"69.59866333007812\" cy=\"27.357860565185547\" stroke-width=\"0.1\" data-type=\"element node\" data-element-id=\"8\" data-node-id=\"8\" data-label-name=\"8\"></circle><circle r=\"1.5\" stroke=\"black\" fill=\"#b3b3b3\" cx=\"75.78595733642578\" cy=\"28.193981170654297\" stroke-width=\"0.1\" data-type=\"element node\" data-element-id=\"9\" data-node-id=\"9\" data-label-name=\"9\"></circle><circle r=\"1.5\" stroke=\"black\" fill=\"#b3b3b3\" cx=\"78.46154022216797\" cy=\"32.207359313964844\" stroke-width=\"0.1\" data-type=\"element node\" data-element-id=\"10\" data-node-id=\"10\" data-label-name=\"10\"></circle>"}],"version":"1.0","data":{"chunk_size":72,"image_quality":70,"start_frame":0,"stop_frame":30,"storage_method":"cache","storage":"local","sorting_method":"lexicographical","chunk_type":"imageset","deleted_frames":[]},"jobs":[{"start_frame":0,"stop_frame":30,"frames":[],"status":"annotation","type":"annotation"}]}