{"licenses":[{"name":"","id":0,"url":""}],"info":{"contributor":"","date_created":"","description":"","url":"","version":"","year":""},"categories":[{"id":1,"name":"keypoints","supercategory":"","keypoints":["1","2","3","4","5","6","7","8","9","10","11","12","13","14","15","16","17","18","19","20","21","22","23","24","25","26","27","28","29","30","31","32","33","34","35","36","37","38","39","40","41","42","43","44","45","46","47","48","49","50","51","52","53","54","55","56","57","58","59","60","61","62","63","64","65","66","67","68","69","70","71","72"],"skeleton":[]}],"images":[{"id":1,"width":512,"height":512,"file_name":"images/radiantLight_gitv1.5.4_0901_125211_2.jpg","license":0,"flickr_url":"","coco_url":"","date_captured":0},{"id":2,"width":512,"height":512,"file_name":"images/radiantLight_gitv1.5.4_0901_125332_2.jpg","license":0,"flickr_url":"","coco_url":"","date_captured":0},{"id":3,"width":512,"height":512,"file_name":"images/radiantLight_gitv1.5.4_0901_125520_0.jpg","license":0,"flickr_url":"","coco_url":"","date_captured":0},{"id":4,"width":512,"height":512,"file_name":"images/radiantLight_gitv1.5.4_0901_125547_1.jpg","license":0,"flickr_url":"","coco_url":"","date_captured":0},{"id":5,"width":512,"height":512,"file_name":"images/radiantLight_gitv1.5.4_0901_125613_2.jpg","license":0,"flickr_url":"","coco_url":"","date_captured":0},{"id":6,"width":512,"height":512,"file_name":"images/radiantLight_gitv1.5.4_0901_125801_0.jpg","license":0,"flickr_url":"","coco_url":"","date_captured":0},{"id":7,"width":512,"height":512,"file_name":"images/radiantLight_gitv1.5.4_0901_125828_1.jpg","license":0,"flickr_url":"","coco_url":"","date_captured":0},{"id":8,"width":512,"height":512,"file_name":"images/radiantLight_gitv1.5.4_0901_125854_2.jpg","license":0,"flickr_url":"","coco_url":"","date_captured":0},{"id":9,"width":512,"height":512,"file_name":"images/radiantLight_gitv1.5.4_0901_130042_0.jpg","license":0,"flickr_url":"","coco_url":"","date_captured":0},{"id":10,"width":512,"height":512,"file_name":"images/radiantLight_gitv1.5.4_0901_130109_1.jpg","license":0,"flickr_url":"","coco_url":"","date_captured":0},{"id":11,"width":512,"height":512,"file_name":"images/radiantLight_gitv1.5.4_0901_130203_0.jpg","license":0,"flickr_url":"","coco_url":"","date_captured":0},{"id":12,"width":512,"height":512,"file_name":"images/radiantLight_gitv1.5.4_0901_130229_1.jpg","license":0,"flickr_url":"","coco_url":"","date_captured":0},{"id":13,"width":512,"height":512,"file_name":"images/radiantLight_gitv1.5.4_0901_130256_2.jpg","license":0,"flickr_url":"","coco_url":"","date_captured":0},{"id":14,"width":512,"height":512,"file_name":"images/radiantLight_gitv1.5.4_0901_130658_2.jpg","license":0,"flickr_url":"","coco_url":"","date_captured":0},{"id":15,"width":512,"height":512,"file_name":"images/radiantLight_gitv1.5.4_0901_130726_0.jpg","license":0,"flickr_url":"","coco_url":"","date_captured":0},{"id":16,"width":512,"height":512,"file_name":"images/radiantLight_gitv1.5.4_0901_130752_1.jpg","license":0,"flickr_url":"","coco_url":"","date_captured":0},{"id":17,"width":512,"height":512,"file_name":"images/radiantLight_gitv1.5.4_0901_130913_1.jpg","license":0,"flickr_url":"","coco_url":"","date_captured":0},{"id":18,"width":512,"height":512,"file_name":"images/radiantLight_gitv1.5.4_0901_130939_2.jpg","license":0,"flickr_url":"","coco_url":"","date_captured":0},{"id":19,"width":512,"height":512,"file_name":"images/radiantLight_gitv1.5.4_0901_131128_0.jpg","license":0,"flickr_url":"","coco_url":"","date_captured":0},{"id":20,"width":512,"height":512,"file_name":"images/radiantLight_gitv1.5.4_0901_131155_1.jpg","license":0,"flickr_url":"","coco_url":"","date_captured":0},{"id":21,"width":512,"height":512,"file_name":"images/radiantLight_gitv1.5.4_0901_131221_2.jpg","license":0,"flickr_url":"","coco_url":"","date_captured":0},{"id":22,"width":512,"height":512,"file_name":"images/radiantLight_gitv1.5.4_0901_131409_0.jpg","license":0,"flickr_url":"","coco_url":"","date_captured":0},{"id":23,"width":512,"height":512,"file_name":"images/radiantLight_gitv1.5.4_0901_131502_2.jpg","license":0,"flickr_url":"","coco_url":"","date_captured":0},{"id":24,"width":512,"height":512,"file_name":"images/radiantLight_gitv1.5.4_0901_131530_0.jpg","license":0,"flickr_url":"","coco_url":"","date_captured":0},{"id":25,"width":512,"height":512,"file_name":"images/radiantLight_gitv1.5.4_0901_131556_1.jpg","license":0,"flickr_url":"","coco_url":"","date_captured":0},{"id":26,"width":512,"height":512,"file_name":"images/radiantLight_gitv1.5.4_0901_131624_2.jpg","license":0,"flickr_url":"","coco_url":"","date_captured":0},{"id":27,"width":512,"height":512,"file_name":"images/radiantLight_gitv1.5.4_0901_131905_2.jpg","license":0,"flickr_url":"","coco_url":"","date_captured":0},{"id":28,"width":512,"height":512,"file_name":"images/radiantLight_gitv1.5.4_0901_131932_0.jpg","license":0,"flickr_url":"","coco_url":"","date_captured":0},{"id":29,"width":512,"height":512,"file_name":"images/radiantLight_gitv1.5.4_0901_131959_1.jpg","license":0,"flickr_url":"","coco_url":"","date_captured":0},{"id":30,"width":512,"height":512,"file_name":"images/radiantLight_gitv1.5.4_0901_132025_2.jpg","license":0,"flickr_url":"","coco_url":"","date_captured":0},{"id":31,"width":512,"height":512,"file_name":"images/radiantLight_gitv1.5.4_0901_132240_1.jpg","license":0,"flickr_url":"","coco_url":"","date_captured":0},{"id":32,"width":512,"height":512,"file_name":"images/radiantLight_gitv1.5.4_0901_132306_2.jpg","license":0,"flickr_url":"","coco_url":"","date_captured":0},{"id":33,"width":512,"height":512,"file_name":"images/radiantLight_gitv1.5.4_0901_132427_2.jpg","license":0,"flickr_url":"","coco_url":"","date_captured":0},{"id":34,"width":512,"height":512,"file_name":"images/radiantLight_gitv1.5.4_0901_132521_1.jpg","license":0,"flickr_url":"","coco_url":"","date_captured":0},{"id":35,"width":512,"height":512,"file_name":"images/radiantLight_gitv1.5.4_0901_132547_2.jpg","license":0,"flickr_url":"","coco_url":"","date_captured":0},{"id":36,"width":512,"height":512,"file_name":"images/radiantLight_gitv1.5.4_0901_132856_0.jpg","license":0,"flickr_url":"","coco_url":"","date_captured":0},{"id":37,"width":512,"height":512,"file_name":"images/radiantLight_gitv1.5.4_0901_132923_1.jpg","license":0,"flickr_url":"","coco_url":"","date_captured":0},{"id":38,"width":512,"height":512,"file_name":"images/radiantLight_gitv1.5.4_0901_132950_2.jpg","license":0,"flickr_url":"","coco_url":"","date_captured":0},{"id":39,"width":512,"height":512,"file_name":"images/radiantLight_gitv1.5.4_0901_133017_0.jpg","license":0,"flickr_url":"","coco_url":"","date_captured":0},{"id":40,"width":512,"height":512,"file_name":"images/radiantLight_gitv1.5.4_0901_133208_1.jpg","license":0,"flickr_url":"","coco_url":"","date_captured":0},{"id":41,"width":512,"height":512,"file_name":"images/radiantLight_gitv1.5.4_0901_133222_2.jpg","license":0,"flickr_url":"","coco_url":"","date_captured":0}],"annotations":[]}