[{"version":0,"tags":[],"shapes":[{"type":"skeleton","occluded":false,"outside":false,"z_order":0,"rotation":0.0,"points":[],"frame":0,"group":0,"source":"manual","attributes":[],"elements":[{"type":"points","occluded":false,"outside":false,"z_order":0,"rotation":0.0,"points":[379.154307820947,137.41015625],"frame":0,"group":0,"source":"manual","attributes":[],"label":"14"},{"type":"points","occluded":false,"outside":false,"z_order":0,"rotation":0.0,"points":[359.4138250741671,137.60932555240288],"frame":0,"group":0,"source":"manual","attributes":[],"label":"13"},{"type":"points","occluded":false,"outside":false,"z_order":0,"rotation":0.0,"points":[392.8421055179351,141.79834352695252],"frame":0,"group":0,"source":"manual","attributes":[],"label":"15"},{"type":"points","occluded":false,"outside":false,"z_order":0,"rotation":0.0,"points":[189.92126627354446,167.92946502601626],"frame":0,"group":0,"source":"manual","attributes":[],"label":"7"},{"type":"points","occluded":false,"outside":false,"z_order":0,"rotation":0.0,"points":[233.3038998944503,158.22767905067303],"frame":0,"group":0,"source":"manual","attributes":[],"label":"9"},{"type":"points","occluded":false,"outside":false,"z_order":0,"rotation":0.0,"points":[210.63929314980123,161.33286765714365],"frame":0,"group":0,"source":"manual","attributes":[],"label":"8"},{"type":"points","occluded":false,"outside":false,"z_order":0,"rotation":0.0,"points":[179.80078125,172.65656163630774],"frame":0,"group":0,"source":"manual","attributes":[],"label":"6"},{"type":"points","occluded":false,"outside":false,"z_order":0,"rotation":0.0,"points":[334.57477326792286,148.11105710632182],"frame":0,"group":0,"source":"manual","attributes":[],"label":"11"},{"type":"points","occluded":false,"outside":false,"z_order":0,"rotation":0.0,"points":[343.9604891685631,143.06705508236337],"frame":0,"group":0,"source":"manual","attributes":[],"label":"12"},{"type":"points","occluded":false,"outside":false,"z_order":0,"rotation":0.0,"points":[250.32470563251627,162.15922400812997],"frame":0,"group":0,"source":"manual","attributes":[],"label":"10"}],"label":"eyebrow"},{"type":"skeleton","occluded":false,"outside":false,"z_order":0,"rotation":0.0,"points":[],"frame":0,"group":0,"source":"manual","attributes":[],"elements":[{"type":"points","occluded":false,"outside":false,"z_order":0,"rotation":0.0,"points":[311.4343410290203,345.9606932316201],"frame":0,"group":0,"source":"manual","attributes":[],"label":"5"},{"type":"points","occluded":false,"outside":false,"z_order":0,"rotation":0.0,"points":[299.0632786589813,377.33370428752096],"frame":0,"group":0,"source":"manual","attributes":[],"label":"10"},{"type":"points","occluded":false,"outside":false,"z_order":0,"rotation":0.0,"points":[332.5682338550869,344.115234375],"frame":0,"group":0,"source":"manual","attributes":[],"label":"6"},{"type":"points","occluded":false,"outside":false,"z_order":0,"rotation":0.0,"points":[315.55802456613674,381.02466409943736],"frame":0,"group":0,"source":"manual","attributes":[],"label":"9"},{"type":"points","occluded":false,"outside":false,"z_order":0,"rotation":0.0,"points":[347.5166013754715,354.2653107097576],"frame":0,"group":0,"source":"manual","attributes":[],"label":"7"},{"type":"points","occluded":false,"outside":false,"z_order":0,"rotation":0.0,"points":[283.083984375,356.1107906157158],"frame":0,"group":0,"source":"manual","attributes":[],"label":"3"},{"type":"points","occluded":false,"outside":false,"z_order":0,"rotation":0.0,"points":[334.1146122418504,378.25644424050915],"frame":0,"group":0,"source":"manual","attributes":[],"label":"8"},{"type":"points","occluded":false,"outside":false,"z_order":0,"rotation":0.0,"points":[293.9086683582682,350.57437194718295],"frame":0,"group":0,"source":"manual","attributes":[],"label":"4"}],"label":"mouse"},{"type":"skeleton","occluded":false,"outside":false,"z_order":0,"rotation":0.0,"points":[],"frame":0,"group":0,"source":"manual","attributes":[],"elements":[{"type":"points","occluded":false,"outside":false,"z_order":0,"rotation":0.0,"points":[338.71511247667513,265.0690238317511],"frame":0,"group":0,"source":"manual","attributes":[],"label":"2"},{"type":"points","occluded":false,"outside":false,"z_order":0,"rotation":0.0,"points":[351.0308150108249,305.76799875451616],"frame":0,"group":0,"source":"manual","attributes":[],"label":"13"},{"type":"points","occluded":false,"outside":false,"z_order":0,"rotation":0.0,"points":[371.025037797448,288.88888603749365],"frame":0,"group":0,"source":"manual","attributes":[],"label":"15"},{"type":"points","occluded":false,"outside":false,"z_order":0,"rotation":0.0,"points":[319.23828125,303.54306103837007],"frame":0,"group":0,"source":"manual","attributes":[],"label":"11"},{"type":"points","occluded":false,"outside":false,"z_order":0,"rotation":0.0,"points":[335.4125495493645,250.57421875],"frame":0,"group":0,"source":"manual","attributes":[],"label":"1"},{"type":"points","occluded":false,"outside":false,"z_order":0,"rotation":0.0,"points":[351.05498746976446,291.73451118917365],"frame":0,"group":0,"source":"manual","attributes":[],"label":"4"},{"type":"points","occluded":false,"outside":false,"z_order":0,"rotation":0.0,"points":[334.39231686843414,306.268232917344],"frame":0,"group":0,"source":"manual","attributes":[],"label":"12"},{"type":"points","occluded":false,"outside":false,"z_order":0,"rotation":0.0,"points":[345.344402407125,280.02511680463067],"frame":0,"group":0,"source":"manual","attributes":[],"label":"3"},{"type":"points","occluded":false,"outside":false,"z_order":0,"rotation":0.0,"points":[363.2401065336744,300.9104607509071],"frame":0,"group":0,"source":"manual","attributes":[],"label":"14"}],"label":"nose"},{"type":"skeleton","occluded":false,"outside":false,"z_order":0,"rotation":0.0,"points":[],"frame":0,"group":0,"source":"manual","attributes":[],"elements":[{"type":"points","occluded":false,"outside":false,"z_order":0,"rotation":0.0,"points":[106.22463022063675,272.0868983072105],"frame":0,"group":0,"source":"manual","attributes":[],"label":"3"},{"type":"points","occluded":false,"outside":false,"z_order":0,"rotation":0.0,"points":[381.59723807833507,387.4104717217924],"frame":0,"group":0,"source":"manual","attributes":[],"label":"23"},{"type":"points","occluded":false,"outside":false,"z_order":0,"rotation":0.0,"points":[421.34173551097774,296.2425115374608],"frame":0,"group":0,"source":"manual","attributes":[],"label":"28"},{"type":"points","occluded":false,"outside":false,"z_order":0,"rotation":0.0,"points":[407.14726751642957,353.90429824474995],"frame":0,"group":0,"source":"manual","attributes":[],"label":"25"},{"type":"points","occluded":false,"outside":false,"z_order":0,"rotation":0.0,"points":[153.53951274236533,367.1509171140169],"frame":0,"group":0,"source":"manual","attributes":[],"label":"10"},{"type":"points","occluded":false,"outside":false,"z_order":0,"rotation":0.0,"points":[118.52649924454454,314.164414973955],"frame":0,"group":0,"source":"manual","attributes":[],"label":"6"},{"type":"points","occluded":false,"outside":false,"z_order":0,"rotation":0.0,"points":[407.14726751642957,339.0992452612991],"frame":0,"group":0,"source":"manual","attributes":[],"label":"26"},{"type":"points","occluded":false,"outside":false,"z_order":0,"rotation":0.0,"points":[423.2343398783196,269.7492560235951],"frame":0,"group":0,"source":"manual","attributes":[],"label":"29"},{"type":"points","occluded":false,"outside":false,"z_order":0,"rotation":0.0,"points":[138.3987479608586,346.1121632244758],"frame":0,"group":0,"source":"manual","attributes":[],"label":"8"},{"type":"points","occluded":false,"outside":false,"z_order":0,"rotation":0.0,"points":[130.82836826846687,329.7486761268374],"frame":0,"group":0,"source":"manual","attributes":[],"label":"7"},{"type":"points","occluded":false,"outside":false,"z_order":0,"rotation":0.0,"points":[266.14893292826673,435.7216981822894],"frame":0,"group":0,"source":"manual","attributes":[],"label":"16"},{"type":"points","occluded":false,"outside":false,"z_order":0,"rotation":0.0,"points":[115.68760348694923,297.80093676398246],"frame":0,"group":0,"source":"manual","attributes":[],"label":"5"},{"type":"points","occluded":false,"outside":false,"z_order":0,"rotation":0.0,"points":[106.22463022063675,233.90544470676832],"frame":0,"group":0,"source":"manual","attributes":[],"label":"1"},{"type":"points","occluded":false,"outside":false,"z_order":0,"rotation":0.0,"points":[391.0602167413781,371.046984624154],"frame":0,"group":0,"source":"manual","attributes":[],"label":"24"},{"type":"points","occluded":false,"outside":false,"z_order":0,"rotation":0.0,"points":[215.99515464892465,409.2284426684273],"frame":0,"group":0,"source":"manual","attributes":[],"label":"13"},{"type":"points","occluded":false,"outside":false,"z_order":0,"rotation":0.0,"points":[339.0138340946869,428.70876244378087],"frame":0,"group":0,"source":"manual","attributes":[],"label":"20"},{"type":"points","occluded":false,"outside":false,"z_order":0,"rotation":0.0,"points":[162.05618922173744,378.83911964442814],"frame":0,"group":0,"source":"manual","attributes":[],"label":"11"},{"type":"points","occluded":false,"outside":false,"z_order":0,"rotation":0.0,"points":[370.2416550479684,404.55315810119646],"frame":0,"group":0,"source":"manual","attributes":[],"label":"22"},{"type":"points","occluded":false,"outside":false,"z_order":0,"rotation":0.0,"points":[227.35072688588116,418.5789940275572],"frame":0,"group":0,"source":"manual","attributes":[],"label":"14"},{"type":"points","occluded":false,"outside":false,"z_order":0,"rotation":0.0,"points":[417.5565267762977,240.1391500566897],"frame":0,"group":0,"source":"manual","attributes":[],"label":"31"},{"type":"points","occluded":false,"outside":false,"z_order":0,"rotation":0.0,"points":[313.46380465659604,440.3969649741921],"frame":0,"group":0,"source":"manual","attributes":[],"label":"18"},{"type":"points","occluded":false,"outside":false,"z_order":0,"rotation":0.0,"points":[412.8250590316202,226.8925267435916],"frame":0,"group":0,"source":"manual","attributes":[],"label":"32"},{"type":"points","occluded":false,"outside":false,"z_order":0,"rotation":0.0,"points":[290.7526601826903,441.17618203128586],"frame":0,"group":0,"source":"manual","attributes":[],"label":"17"},{"type":"points","occluded":false,"outside":false,"z_order":0,"rotation":0.0,"points":[184.76733369565045,399.87787353396925],"frame":0,"group":0,"source":"manual","attributes":[],"label":"12"},{"type":"points","occluded":false,"outside":false,"z_order":0,"rotation":0.0,"points":[413.77136121529475,313.38519791686485],"frame":0,"group":0,"source":"manual","attributes":[],"label":"27"},{"type":"points","occluded":false,"outside":false,"z_order":0,"rotation":0.0,"points":[147.86172122718563,353.1250811876562],"frame":0,"group":0,"source":"manual","attributes":[],"label":"9"},{"type":"points","occluded":false,"outside":false,"z_order":0,"rotation":0.0,"points":[354.1546042729133,419.358211084651],"frame":0,"group":0,"source":"manual","attributes":[],"label":"21"},{"type":"points","occluded":false,"outside":false,"z_order":0,"rotation":0.0,"points":[247.22297560220977,426.37112904783135],"frame":0,"group":0,"source":"manual","attributes":[],"label":"15"},{"type":"points","occluded":false,"outside":false,"z_order":0,"rotation":0.0,"points":[422.28801610781375,253.38577781362255],"frame":0,"group":0,"source":"manual","attributes":[],"label":"30"},{"type":"points","occluded":false,"outside":false,"z_order":0,"rotation":0.0,"points":[324.81938768697364,434.94248112519927],"frame":0,"group":0,"source":"manual","attributes":[],"label":"19"},{"type":"points","occluded":false,"outside":false,"z_order":0,"rotation":0.0,"points":[108.11722379455387,286.891951290665],"frame":0,"group":0,"source":"manual","attributes":[],"label":"4"},{"type":"points","occluded":false,"outside":false,"z_order":0,"rotation":0.0,"points":[405.2546847359263,208.19140625],"frame":0,"group":0,"source":"manual","attributes":[],"label":"33"},{"type":"points","occluded":false,"outside":false,"z_order":0,"rotation":0.0,"points":[104.33203125,253.38577781362255],"frame":0,"group":0,"source":"manual","attributes":[],"label":"2"}],"label":"contours"},{"type":"skeleton","occluded":false,"outside":false,"z_order":0,"rotation":0.0,"points":[],"frame":0,"group":0,"source":"manual","attributes":[],"elements":[{"type":"points","occluded":false,"outside":false,"z_order":0,"rotation":0.0,"points":[391.85194847152525,206.46184699151127],"frame":0,"group":0,"source":"manual","attributes":[],"label":"9"},{"type":"points","occluded":false,"outside":false,"z_order":0,"rotation":0.0,"points":[361.10702852174654,199.2890625],"frame":0,"group":0,"source":"manual","attributes":[],"label":"8"},{"type":"points","occluded":false,"outside":false,"z_order":0,"rotation":0.0,"points":[217.68222637747385,215.57358140069846],"frame":0,"group":0,"source":"manual","attributes":[],"label":"2"},{"type":"points","occluded":false,"outside":false,"z_order":0,"rotation":0.0,"points":[252.30329306462227,228.07249295967995],"frame":0,"group":0,"source":"manual","attributes":[],"label":"3"},{"type":"points","occluded":false,"outside":false,"z_order":0,"rotation":0.0,"points":[355.22924592845084,239.92510036930616],"frame":0,"group":0,"source":"manual","attributes":[],"label":"11"},{"type":"points","occluded":false,"outside":false,"z_order":0,"rotation":0.0,"points":[220.04000724382058,238.78550153797187],"frame":0,"group":0,"source":"manual","attributes":[],"label":"6"},{"type":"points","occluded":false,"outside":false,"z_order":0,"rotation":0.0,"points":[209.02091457371716,261.640236168143],"frame":0,"group":0,"source":"manual","attributes":[],"label":"5"},{"type":"points","occluded":false,"outside":false,"z_order":0,"rotation":0.0,"points":[381.54782326365967,241.8276511765689],"frame":0,"group":0,"source":"manual","attributes":[],"label":"10"},{"type":"points","occluded":false,"outside":false,"z_order":0,"rotation":0.0,"points":[236.0948108642806,260.0341338845901],"frame":0,"group":0,"source":"manual","attributes":[],"label":"4"},{"type":"points","occluded":false,"outside":false,"z_order":0,"rotation":0.0,"points":[188.162109375,236.8756705343185],"frame":0,"group":0,"source":"manual","attributes":[],"label":"1"},{"type":"points","occluded":false,"outside":false,"z_order":0,"rotation":0.0,"points":[363.72745841463257,219.61436808844883],"frame":0,"group":0,"source":"manual","attributes":[],"label":"12"},{"type":"points","occluded":false,"outside":false,"z_order":0,"rotation":0.0,"points":[336.7188002024741,210.91809763041238],"frame":0,"group":0,"source":"manual","attributes":[],"label":"7"}],"label":"eye"},{"type":"skeleton","occluded":false,"outside":false,"z_order":0,"rotation":0.0,"points":[],"frame":1,"group":0,"source":"manual","attributes":[],"elements":[{"type":"points","occluded":false,"outside":false,"z_order":0,"rotation":0.0,"points":[355.4926661113459,324.06938739194084],"frame":1,"group":0,"source":"manual","attributes":[],"label":"7"},{"type":"points","occluded":false,"outside":false,"z_order":0,"rotation":0.0,"points":[288.66683621721677,303.53125],"frame":1,"group":0,"source":"manual","attributes":[],"label":"5"},{"type":"points","occluded":false,"outside":false,"z_order":0,"rotation":0.0,"points":[290.53279334839317,360.7884713101412],"frame":1,"group":0,"source":"manual","attributes":[],"label":"9"},{"type":"points","occluded":false,"outside":false,"z_order":0,"rotation":0.0,"points":[326.0911850283883,360.0209661569752],"frame":1,"group":0,"source":"manual","attributes":[],"label":"8"},{"type":"points","occluded":false,"outside":false,"z_order":0,"rotation":0.0,"points":[254.7456818645951,307.4740299545665],"frame":1,"group":0,"source":"manual","attributes":[],"label":"4"},{"type":"points","occluded":false,"outside":false,"z_order":0,"rotation":0.0,"points":[233.33984375,314.2338368907549],"frame":1,"group":0,"source":"manual","attributes":[],"label":"3"},{"type":"points","occluded":false,"outside":false,"z_order":0,"rotation":0.0,"points":[259.96600879153993,351.56931583747064],"frame":1,"group":0,"source":"manual","attributes":[],"label":"10"},{"type":"points","occluded":false,"outside":false,"z_order":0,"rotation":0.0,"points":[328.9427484161788,304.7612247271463],"frame":1,"group":0,"source":"manual","attributes":[],"label":"6"}],"label":"mouse"},{"type":"skeleton","occluded":false,"outside":false,"z_order":0,"rotation":0.0,"points":[],"frame":1,"group":0,"source":"manual","attributes":[],"elements":[{"type":"points","occluded":false,"outside":false,"z_order":0,"rotation":0.0,"points":[312.3984527153225,453.17771294323757],"frame":1,"group":0,"source":"manual","attributes":[],"label":"19"},{"type":"points","occluded":false,"outside":false,"z_order":0,"rotation":0.0,"points":[145.60303130428656,372.0731329042719],"frame":1,"group":0,"source":"manual","attributes":[],"label":"11"},{"type":"points","occluded":false,"outside":false,"z_order":0,"rotation":0.0,"points":[116.69508164914441,308.6751333887769],"frame":1,"group":0,"source":"manual","attributes":[],"label":"7"},{"type":"points","occluded":false,"outside":false,"z_order":0,"rotation":0.0,"points":[415.8403046036183,307.510455479096],"frame":1,"group":0,"source":"manual","attributes":[],"label":"27"},{"type":"points","occluded":false,"outside":false,"z_order":0,"rotation":0.0,"points":[250.57931586371706,450.15669783089106],"frame":1,"group":0,"source":"manual","attributes":[],"label":"16"},{"type":"points","occluded":false,"outside":false,"z_order":0,"rotation":0.0,"points":[362.662572848898,418.33900951015676],"frame":1,"group":0,"source":"manual","attributes":[],"label":"22"},{"type":"points","occluded":false,"outside":false,"z_order":0,"rotation":0.0,"points":[327.8426107751329,446.36327099351183],"frame":1,"group":0,"source":"manual","attributes":[],"label":"20"},{"type":"points","occluded":false,"outside":false,"z_order":0,"rotation":0.0,"points":[98.53323454010751,187.37339987752057],"frame":1,"group":0,"source":"manual","attributes":[],"label":"1"},{"type":"points","occluded":false,"outside":false,"z_order":0,"rotation":0.0,"points":[132.73749527466498,339.0118903035327],"frame":1,"group":0,"source":"manual","attributes":[],"label":"9"},{"type":"points","occluded":false,"outside":false,"z_order":0,"rotation":0.0,"points":[429.64771372136966,233.2017243054106],"frame":1,"group":0,"source":"manual","attributes":[],"label":"30"},{"type":"points","occluded":false,"outside":false,"z_order":0,"rotation":0.0,"points":[211.12417140184698,426.119056100757],"frame":1,"group":0,"source":"manual","attributes":[],"label":"14"},{"type":"points","occluded":false,"outside":false,"z_order":0,"rotation":0.0,"points":[405.59733918608254,357.63359403126015],"frame":1,"group":0,"source":"manual","attributes":[],"label":"25"},{"type":"points","occluded":false,"outside":false,"z_order":0,"rotation":0.0,"points":[406.792320480683,339.15462543845933],"frame":1,"group":0,"source":"manual","attributes":[],"label":"26"},{"type":"points","occluded":false,"outside":false,"z_order":0,"rotation":0.0,"points":[95.45144058068763,235.02968876068917],"frame":1,"group":0,"source":"manual","attributes":[],"label":"3"},{"type":"points","occluded":false,"outside":false,"z_order":0,"rotation":0.0,"points":[300.0053642898638,459.21278729527694],"frame":1,"group":0,"source":"manual","attributes":[],"label":"18"},{"type":"points","occluded":false,"outside":false,"z_order":0,"rotation":0.0,"points":[425.7365643640187,216.34584419822932],"frame":1,"group":0,"source":"manual","attributes":[],"label":"31"},{"type":"points","occluded":false,"outside":false,"z_order":0,"rotation":0.0,"points":[387.2805237105458,377.93526841960556],"frame":1,"group":0,"source":"manual","attributes":[],"label":"24"},{"type":"points","occluded":false,"outside":false,"z_order":0,"rotation":0.0,"points":[425.19250675464355,286.62906555184964],"frame":1,"group":0,"source":"manual","attributes":[],"label":"28"},{"type":"points","occluded":false,"outside":false,"z_order":0,"rotation":0.0,"points":[276.036827129381,458.6394606669055],"frame":1,"group":0,"source":"manual","attributes":[],"label":"17"},{"type":"points","occluded":false,"outside":false,"z_order":0,"rotation":0.0,"points":[167.810543550062,399.87862143926395],"frame":1,"group":0,"source":"manual","attributes":[],"label":"12"},{"type":"points","occluded":false,"outside":false,"z_order":0,"rotation":0.0,"points":[199.92607419737033,413.6751847810083],"frame":1,"group":0,"source":"manual","attributes":[],"label":"13"},{"type":"points","occluded":false,"outside":false,"z_order":0,"rotation":0.0,"points":[231.4126686048985,437.1975012154071],"frame":1,"group":0,"source":"manual","attributes":[],"label":"15"},{"type":"points","occluded":false,"outside":false,"z_order":0,"rotation":0.0,"points":[421.8254373701857,199.4899711070102],"frame":1,"group":0,"source":"manual","attributes":[],"label":"32"},{"type":"points","occluded":false,"outside":false,"z_order":0,"rotation":0.0,"points":[123.34285805426407,329.6145686539712],"frame":1,"group":0,"source":"manual","attributes":[],"label":"8"},{"type":"points","occluded":false,"outside":false,"z_order":0,"rotation":0.0,"points":[94.96875,211.5590065673714],"frame":1,"group":0,"source":"manual","attributes":[],"label":"2"},{"type":"points","occluded":false,"outside":false,"z_order":0,"rotation":0.0,"points":[344.53443810182216,435.7229601893414],"frame":1,"group":0,"source":"manual","attributes":[],"label":"21"},{"type":"points","occluded":false,"outside":false,"z_order":0,"rotation":0.0,"points":[415.36634737408167,175.6328125],"frame":1,"group":0,"source":"manual","attributes":[],"label":"33"},{"type":"points","occluded":false,"outside":false,"z_order":0,"rotation":0.0,"points":[137.5818244915281,356.90475444689946],"frame":1,"group":0,"source":"manual","attributes":[],"label":"10"},{"type":"points","occluded":false,"outside":false,"z_order":0,"rotation":0.0,"points":[429.32304095408836,253.69026036894138],"frame":1,"group":0,"source":"manual","attributes":[],"label":"29"},{"type":"points","occluded":false,"outside":false,"z_order":0,"rotation":0.0,"points":[96.24859431807636,253.63748294716788],"frame":1,"group":0,"source":"manual","attributes":[],"label":"4"},{"type":"points","occluded":false,"outside":false,"z_order":0,"rotation":0.0,"points":[375.9990677861024,397.7152722396495],"frame":1,"group":0,"source":"manual","attributes":[],"label":"23"},{"type":"points","occluded":false,"outside":false,"z_order":0,"rotation":0.0,"points":[103.33662766923953,267.768866642542],"frame":1,"group":0,"source":"manual","attributes":[],"label":"5"},{"type":"points","occluded":false,"outside":false,"z_order":0,"rotation":0.0,"points":[105.00406721174295,288.386226830371],"frame":1,"group":0,"source":"manual","attributes":[],"label":"6"}],"label":"contours"},{"type":"skeleton","occluded":false,"outside":false,"z_order":0,"rotation":0.0,"points":[],"frame":1,"group":0,"source":"manual","attributes":[],"elements":[{"type":"points","occluded":false,"outside":false,"z_order":0,"rotation":0.0,"points":[228.01814172504237,186.52406142162727],"frame":1,"group":0,"source":"manual","attributes":[],"label":"4"},{"type":"points","occluded":false,"outside":false,"z_order":0,"rotation":0.0,"points":[368.82827563837054,185.25029632804944],"frame":1,"group":0,"source":"manual","attributes":[],"label":"12"},{"type":"points","occluded":false,"outside":false,"z_order":0,"rotation":0.0,"points":[356.74091197648886,194.12960851840762],"frame":1,"group":0,"source":"manual","attributes":[],"label":"11"},{"type":"points","occluded":false,"outside":false,"z_order":0,"rotation":0.0,"points":[384.20116808136663,198.97677391782054],"frame":1,"group":0,"source":"manual","attributes":[],"label":"10"},{"type":"points","occluded":false,"outside":false,"z_order":0,"rotation":0.0,"points":[214.35857628239683,173.5405387536557],"frame":1,"group":0,"source":"manual","attributes":[],"label":"6"},{"type":"points","occluded":false,"outside":false,"z_order":0,"rotation":0.0,"points":[369.19321829956243,174.7171436954086],"frame":1,"group":0,"source":"manual","attributes":[],"label":"8"},{"type":"points","occluded":false,"outside":false,"z_order":0,"rotation":0.0,"points":[250.02917527850514,172.97117980434632],"frame":1,"group":0,"source":"manual","attributes":[],"label":"3"},{"type":"points","occluded":false,"outside":false,"z_order":0,"rotation":0.0,"points":[215.44475274100478,161.60546875],"frame":1,"group":0,"source":"manual","attributes":[],"label":"2"},{"type":"points","occluded":false,"outside":false,"z_order":0,"rotation":0.0,"points":[181.037109375,167.86645645337558],"frame":1,"group":0,"source":"manual","attributes":[],"label":"1"},{"type":"points","occluded":false,"outside":false,"z_order":0,"rotation":0.0,"points":[341.6859242267383,176.90994642955775],"frame":1,"group":0,"source":"manual","attributes":[],"label":"7"},{"type":"points","occluded":false,"outside":false,"z_order":0,"rotation":0.0,"points":[400.50995095201506,182.85037214035765],"frame":1,"group":0,"source":"manual","attributes":[],"label":"9"},{"type":"points","occluded":false,"outside":false,"z_order":0,"rotation":0.0,"points":[199.22139307259204,183.31633543564385],"frame":1,"group":0,"source":"manual","attributes":[],"label":"5"}],"label":"eye"},{"type":"skeleton","occluded":false,"outside":false,"z_order":0,"rotation":0.0,"points":[],"frame":1,"group":0,"source":"manual","attributes":[],"elements":[{"type":"points","occluded":false,"outside":false,"z_order":0,"rotation":0.0,"points":[293.169921875,248.0641598183356],"frame":1,"group":0,"source":"manual","attributes":[],"label":"11"},{"type":"points","occluded":false,"outside":false,"z_order":0,"rotation":0.0,"points":[335.3054664311894,248.0641598183356],"frame":1,"group":0,"source":"manual","attributes":[],"label":"15"},{"type":"points","occluded":false,"outside":false,"z_order":0,"rotation":0.0,"points":[316.0435051671193,211.2564817961138],"frame":1,"group":0,"source":"manual","attributes":[],"label":"2"},{"type":"points","occluded":false,"outside":false,"z_order":0,"rotation":0.0,"points":[304.00477422783297,255.89558295475945],"frame":1,"group":0,"source":"manual","attributes":[],"label":"12"},{"type":"points","occluded":false,"outside":false,"z_order":0,"rotation":0.0,"points":[326.87835751995226,259.0281486363383],"frame":1,"group":0,"source":"manual","attributes":[],"label":"14"},{"type":"points","occluded":false,"outside":false,"z_order":0,"rotation":0.0,"points":[317.8493093154866,230.05189375054033],"frame":1,"group":0,"source":"manual","attributes":[],"label":"3"},{"type":"points","occluded":false,"outside":false,"z_order":0,"rotation":0.0,"points":[319.6551271951648,244.93159413675676],"frame":1,"group":0,"source":"manual","attributes":[],"label":"4"},{"type":"points","occluded":false,"outside":false,"z_order":0,"rotation":0.0,"points":[316.64544446034415,194.02734375],"frame":1,"group":0,"source":"manual","attributes":[],"label":"1"},{"type":"points","occluded":false,"outside":false,"z_order":0,"rotation":0.0,"points":[316.64544446034415,260.594422544651],"frame":1,"group":0,"source":"manual","attributes":[],"label":"13"}],"label":"nose"},{"type":"skeleton","occluded":false,"outside":false,"z_order":0,"rotation":0.0,"points":[],"frame":1,"group":0,"source":"manual","attributes":[],"elements":[{"type":"points","occluded":false,"outside":false,"z_order":0,"rotation":0.0,"points":[258.111543288167,131.3097856532695],"frame":1,"group":0,"source":"manual","attributes":[],"label":"10"},{"type":"points","occluded":false,"outside":false,"z_order":0,"rotation":0.0,"points":[244.34348697855967,117.75694112037672],"frame":1,"group":0,"source":"manual","attributes":[],"label":"9"},{"type":"points","occluded":false,"outside":false,"z_order":0,"rotation":0.0,"points":[397.1965277322779,158.9803777796733],"frame":1,"group":0,"source":"manual","attributes":[],"label":"15"},{"type":"points","occluded":false,"outside":false,"z_order":0,"rotation":0.0,"points":[368.57841288789496,138.05207653194157],"frame":1,"group":0,"source":"manual","attributes":[],"label":"13"},{"type":"points","occluded":false,"outside":false,"z_order":0,"rotation":0.0,"points":[352.0453112268551,140.2858857649262],"frame":1,"group":0,"source":"manual","attributes":[],"label":"12"},{"type":"points","occluded":false,"outside":false,"z_order":0,"rotation":0.0,"points":[200.4403054290924,114.97704353175504],"frame":1,"group":0,"source":"manual","attributes":[],"label":"7"},{"type":"points","occluded":false,"outside":false,"z_order":0,"rotation":0.0,"points":[189.09765625,118.29658568952436],"frame":1,"group":0,"source":"manual","attributes":[],"label":"6"},{"type":"points","occluded":false,"outside":false,"z_order":0,"rotation":0.0,"points":[386.67248109813227,146.10611148735188],"frame":1,"group":0,"source":"manual","attributes":[],"label":"14"},{"type":"points","occluded":false,"outside":false,"z_order":0,"rotation":0.0,"points":[341.2312577746161,144.42753421734233],"frame":1,"group":0,"source":"manual","attributes":[],"label":"11"},{"type":"points","occluded":false,"outside":false,"z_order":0,"rotation":0.0,"points":[222.2840731805627,113.142578125],"frame":1,"group":0,"source":"manual","attributes":[],"label":"8"}],"label":"eyebrow"}],"tracks":[]}]